
[
    {
        "name" : "January",
        "day" : [1,2,3,4,5,6,7,8,9,10,11,12,13,14,15,16,17,18,19,20,21,22,23,24,25,26,27,28,29,30,31],
        "value" : 0
    },

    {
        "name" : "February",
        "day" : [1,2,3,4,5,6,7,8,9,10,11,12,13,14,15,16,17,18,19,20,21,22,23,24,25,26,27,28,29],
        "value" : 1
    },

    {
        "name" : "March",
        "day" : [1,2,3,4,5,6,7,8,9,10,11,12,13,14,15,16,17,18,19,20,21,22,23,24,25,26,27,28,29,30,31],
        "value" : 2
    },

    {
        "name" : "April",
        "day" : [1,2,3,4,5,6,7,8,9,10,11,12,13,14,15,16,17,18,19,20,21,22,23,24,25,26,27,28,29,30],
        "value" : 3
    },

    {
        "name" : "May",
        "day" : [1,2,3,4,5,6,7,8,9,10,11,12,13,14,15,16,17,18,19,20,21,22,23,24,25,26,27,28,29,30,31],
        "value" : 4
    },

    {
        "name" : "June",
        "day" : [1,2,3,4,5,6,7,8,9,10,11,12,13,14,15,16,17,18,19,20,21,22,23,24,25,26,27,28,29,30],
        "value" : 5
    },

    {
        "name" : "July",
        "day" : [1,2,3,4,5,6,7,8,9,10,11,12,13,14,15,16,17,18,19,20,21,22,23,24,25,26,27,28,29,30,31],
        "value" : 6
    },

    {
        "name" : "August",
        "day" : [1,2,3,4,5,6,7,8,9,10,11,12,13,14,15,16,17,18,19,20,21,22,23,24,25,26,27,28,29,30,31],
        "value" : 7
    },

    {
        "name" : "September",
        "day" : [1,2,3,4,5,6,7,8,9,10,11,12,13,14,15,16,17,18,19,20,21,22,23,24,25,26,27,28,29,30],
        "value" : 8
    },

    {
        "name" : "October",
        "day" : [1,2,3,4,5,6,7,8,9,10,11,12,13,14,15,16,17,18,19,20,21,22,23,24,25,26,27,28,29,30,31], 
        "value" : 9
    },

    {
        "name" : "November",
        "day" : [1,2,3,4,5,6,7,8,9,10,11,12,13,14,15,16,17,18,19,20,21,22,23,24,25,26,27,28,29,30],
        "value" : 10
    },

    {
        "name" : "December",
        "day" : [1,2,3,4,5,6,7,8,9,10,11,12,13,14,15,16,17,18,19,20,21,22,23,24,25,26,27,28,29,30,31], 
        "value" : 11
    }
]